destination,agency,product_type,product_name,price_2n3d,price_3n4d
제주,하나투어,패키지,제주 올레길 감성여행,398000,498000
제주,마이리얼트립,자유여행,제주 자유여행 항공+호텔,289000,359000
제주,인터파크투어,에어텔,제주 에어텔 스탠다드,259000,329000
제주,노랑풍선,항공권,제주행 항공권 특가,89000,89000
강릉,모두투어,세미패키지,강릉 커피거리 반자유여행,215000,275000
강릉,참좋은여행,패키지,강릉 정동진 일출투어,239000,299000
강릉,롯데관광,자유여행,강릉 바다뷰 호텔 자유여행,199000,259000
강릉,온라인투어,호텔,강릉 오션뷰 호텔 2박,158000,238000
속초,하나투어,패키지,속초 설악산 단풍투어,229000,289000
속초,인터파크투어,자유여행,속초 자유여행 패키지,189000,249000
속초,마이리얼트립,호텔,속초 해변 호텔 숙박권,149000,229000
속초,온라인투어,세미패키지,속초 반나절 가이드 투어,209000,269000
춘천,모두투어,패키지,춘천 남이섬 당일+숙박,179000,229000
춘천,참좋은여행,자유여행,춘천 감성여행 자유일정,159000,209000
춘천,롯데관광,호텔,춘천 호수뷰 호텔,139000,199000
춘천,노랑풍선,세미패키지,춘천 닭갈비 골목투어,169000,219000
경주,하나투어,패키지,경주 역사문화 탐방,219000,279000
경주,인터파크투어,자유여행,경주 자유일정 숙박권,179000,239000
경주,마이리얼트립,호텔,경주 한옥스테이,199000,259000
경주,온라인투어,세미패키지,경주 반가이드 야경투어,189000,249000
안동,모두투어,패키지,안동 하회마을 전통투어,209000,269000
안동,참좋은여행,자유여행,안동 고택 자유여행,169000,229000
안동,롯데관광,호텔,안동 한옥마을 숙박,159000,219000
안동,노랑풍선,세미패키지,안동 종가음식 체험투어,199000,259000
전주,하나투어,패키지,전주 한옥마을 미식투어,199000,259000
전주,인터파크투어,자유여행,전주 자유여행 숙박권,169000,229000
전주,마이리얼트립,호텔,전주 한옥스테이,189000,249000
전주,온라인투어,세미패키지,전주 야시장 투어,179000,239000
여수,모두투어,패키지,여수 밤바다 야경투어,249000,309000
여수,참좋은여행,자유여행,여수 자유일정 숙박권,209000,269000
여수,롯데관광,호텔,여수 오션뷰 호텔,199000,259000
여수,노랑풍선,세미패키지,여수 해상케이블카 투어,229000,289000
부산,하나투어,패키지,부산 해운대 감성투어,259000,319000
부산,인터파크투어,자유여행,부산 자유여행 항공+호텔,229000,289000
부산,마이리얼트립,에어텔,부산 에어텔 스탠다드,199000,259000
부산,온라인투어,항공권,부산행 항공권 특가,69000,69000
통영,모두투어,패키지,통영 케이블카 섬투어,239000,299000
통영,참좋은여행,자유여행,통영 자유일정 숙박권,199000,259000
통영,롯데관광,호텔,통영 바다뷰 호텔,179000,239000
통영,노랑풍선,세미패키지,통영 굴요리 미식투어,219000,279000
강화도,하나투어,패키지,강화도 역사유적 투어,159000,209000
강화도,인터파크투어,자유여행,강화도 자유여행 숙박권,129000,179000
강화도,마이리얼트립,호텔,강화도 전통한옥 숙박,139000,189000
강화도,온라인투어,세미패키지,강화도 반나절 가이드투어,149000,199000
태안,모두투어,패키지,태안 안면도 해변투어,189000,239000
태안,참좋은여행,자유여행,태안 자유일정 숙박권,159000,209000
태안,롯데관광,호텔,태안 오션뷰 펜션,149000,199000
태안,노랑풍선,세미패키지,태안 꽃지해변 투어,169000,219000
인천,모두투어,세미패키지,인천 차이나타운 반나절 투어,139000,189000
인천,참좋은여행,자유여행,인천 송도 자유여행 숙박권,149000,199000
인천,롯데관광,호텔,인천 을왕리 오션뷰 호텔,159000,219000
인천,온라인투어,패키지,인천 근교 당일+숙박 패키지,169000,229000
가평,하나투어,패키지,가평 아침고요수목원 투어,179000,229000
가평,인터파크투어,자유여행,가평 자유여행 숙박권,149000,199000
가평,마이리얼트립,호텔,가평 펜션형 호텔,139000,199000
가평,온라인투어,세미패키지,가평 쁘띠프랑스 반나절 투어,159000,209000
보령,모두투어,패키지,보령 대천해수욕장 투어,189000,239000
보령,참좋은여행,자유여행,보령 자유일정 숙박권,159000,209000
보령,롯데관광,호텔,보령 오션뷰 펜션,149000,199000
보령,노랑풍선,세미패키지,보령 해안도로 드라이브 투어,169000,219000
단양,하나투어,패키지,단양팔경 및 스카이워크 투어,209000,269000
단양,인터파크투어,자유여행,단양 자유여행 숙박권,179000,239000
단양,마이리얼트립,호텔,단양 강변 호텔,159000,219000
단양,온라인투어,세미패키지,단양 패러글라이딩 반나절 투어,229000,289000
서귀포,하나투어,패키지,서귀포 폭포투어 패키지,398000,498000
서귀포,마이리얼트립,자유여행,서귀포 자유여행 항공+호텔,289000,359000
서귀포,인터파크투어,에어텔,서귀포 에어텔 스탠다드,259000,329000
서귀포,노랑풍선,항공권,서귀포행 항공권 특가,89000,89000
우도,모두투어,패키지,우도 해안도로 투어,349000,449000
우도,참좋은여행,자유여행,우도 자유여행 항공+숙박,279000,349000
우도,롯데관광,에어텔,우도 에어텔 스탠다드,249000,319000
우도,온라인투어,항공권,우도(제주)행 항공권 특가,89000,89000
순천,하나투어,패키지,순천만국가정원 투어,199000,259000
순천,인터파크투어,자유여행,순천 자유여행 숙박권,169000,229000
순천,마이리얼트립,호텔,순천 시내 호텔,159000,219000
순천,온라인투어,세미패키지,순천만습지 반나절 투어,189000,249000
포항,모두투어,패키지,포항 호미곶 투어,219000,279000
포항,참좋은여행,자유여행,포항 자유일정 숙박권,189000,249000
포항,롯데관광,호텔,포항 영일대 오션뷰 호텔,179000,239000
포항,노랑풍선,세미패키지,포항 죽도시장 미식투어,199000,259000
거제,하나투어,패키지,거제 외도보타니아 투어,239000,299000
거제,인터파크투어,자유여행,거제 자유일정 숙박권,199000,259000
거제,마이리얼트립,호텔,거제 몽돌해변 호텔,179000,239000
거제,온라인투어,세미패키지,거제 바람의언덕 반나절 투어,219000,279000
